insert into Kraj_pochodzenia
(ID_kraju,Kraj)
values
(1,'Polska'),
(2,'Niemvy'),
(3,'Dania'),
(4,'Holandia'),
(5,'Szwecja'),
(6,'Belgia');
go

insert into Pracownik
(pImie, pNazwisko, pPESEL, pPlec, pMiejscowosc, pKod_pocztowy, pAdres)
values
('Adam','Piat',87020458653,'M','Strzelce','99-307','Zakrzynków 10'),
('Janusz','Tracz',88040732132,'M','£owicz','99-400','Kupaga 25'),
('Micha³','Sta³a',86070257359,'M','Oporów','99-322','Gruzy 28'),
('Gerard','Wicz',90080855593,'M','Ostrowy','99-350','Kresy 13'),
('Kamil','Poslo',88011683298,'M','D¹browice','99-352','Zabory 14');
go

insert into Klient
(kImie,kNazwisko,kPESEL,kPlec,kMiejscowosc,kKod_pocztowy,kAdres)
values
('Anna','Domaga³a',94070982241,'K','£ódŸ','99-008','ul. Nawrot 18'),
('Katarzyna','Zieliñska',67042318465,'K','£owicz','99-400','Popów 14'),
('Patryk','Micha³ek',87110829211,'M','Kutno','99-314','Brony 25'),
('Andrzej','Kalis',77071631673,'M','Kutno','99-314','Konary 1'),
('Janusz','Majek',96080361513,'M','£owicz','99-400','Kompina 10'),
('Kacper','Konarski',86052557837,'M','Kutno','99-300','Adamów 65'),
('Maciej','Kop',82122849716,'M','Kutno','99-300','Byszew 4');
go

insert into Nadwozie
(ID_nadwozia,Kolor,Typ_lakieru,Ilosc_miejsc,Liczba_drzwi)
values
(1,'czerwony','metaliczny',5,5),
(2,'czarny','metaliczny',5,5),
(3,'szary','metaliczny',5,5),
(4,'srebrny','metaliczny',5,5),
(5,'granantowy','metaliczny',5,5),
(6,'niebieski','metaliczny',5,5),
(7,'bialy','metaliczny',5,5),
(8,'czerwony','metaliczny',5,4),
(9,'czarny','metaliczny',5,4),
(10,'szary','metaliczny',5,4),
(11,'srebrny','metaliczny',5,4),
(12,'granantowy','metaliczny',5,4),
(13,'niebieski','metaliczny',5,4),
(14,'bialy','metaliczny',5,4),
(15,'czerwony','metaliczny',5,3),
(16,'czarny','metaliczny',5,3),
(17,'szary','metaliczny',5,3),
(18,'srebrny','metaliczny',5,3),
(19,'granantowy','metaliczny',5,3),
(20,'niebieski','metaliczny',5,3),
(21,'bialy','metaliczny',5,3),
(22,'czerwony','metaliczny',7,5),
(23,'czarny','metaliczny',7,5),
(24,'szary','metaliczny',7,5),
(25,'srebrny','metaliczny',7,5),
(26,'granantowy','metaliczny',7,5),
(27,'niebieski','metaliczny',7,5),
(28,'bialy','metaliczny',7,5),
(29,'czerwony','metaliczny',7,4),
(30,'czarny','metaliczny',7,4),
(31,'szary','metaliczny',7,4),
(32,'srebrny','metaliczny',7,4),
(33,'granantowy','metaliczny',7,4),
(34,'niebieski','metaliczny',7,4),
(35,'bialy','metaliczny',7,4),
(36,'czerwony','metaliczny',7,3),
(37,'czarny','metaliczny',7,3),
(38,'szary','metaliczny',7,3),
(39,'srebrny','metaliczny',7,3),
(40,'granantowy','metaliczny',7,3),
(41,'niebieski','metaliczny',7,3),
(42,'bialy','metaliczny',7,3),
(43,'czerwony','matowy',5,5),
(44,'czarny','matowy',5,5),
(45,'szary','matowy',5,5),
(46,'srebrny','matowy',5,5),
(47,'granantowy','matowy',5,5),
(48,'niebieski','matowy',5,5),
(49,'bialy','matowy',5,5),
(50,'czerwony','matowy',5,4),
(51,'czarny','matowy',5,4),
(52,'szary','matowy',5,4),
(53,'srebrny','matowy',5,4),
(54,'granantowy','matowy',5,4),
(55,'niebieski','matowy',5,4),
(56,'bialy','matowy',5,4),
(57,'czerwony','matowy',5,3),
(58,'czarny','matowy',5,3),
(59,'szary','matowy',5,3),
(60,'srebrny','matowy',5,3),
(61,'granantowy','matowy',5,3),
(62,'niebieski','matowy',5,3),
(63,'bialy','matowy',5,3),
(64,'czerwony','matowy',7,5),
(65,'czarny','matowy',7,5),
(66,'szary','matowy',7,5),
(67,'srebrny','matowy',7,5),
(68,'granantowy','matowy',7,5),
(69,'niebieski','matowy',7,5),
(70,'bialy','matowy',7,5),
(71,'czerwony','matowy',7,4),
(72,'czarny','matowy',7,4),
(73,'szary','matowy',7,4),
(74,'srebrny','matowy',7,4),
(75,'granantowy','matowy',7,4),
(76,'niebieski','matowy',7,4),
(77,'bialy','matowy',7,4),
(78,'czerwony','matowy',7,3),
(79,'czarny','matowy',7,3),
(80,'szary','matowy',7,3),
(81,'srebrny','matowy',7,3),
(82,'granantowy','matowy',7,3),
(83,'niebieski','matowy',7,3),
(84,'bialy','matowy',7,3),
(85,'czerwony','perlowy',5,5),
(86,'czarny','perlowy',5,5),
(87,'szary','perlowy',5,5),
(88,'srebrny','perlowy',5,5),
(89,'granantowy','perlowy',5,5),
(90,'niebieski','perlowy',5,5),
(91,'bialy','perlowy',5,5),
(92,'czerwony','perlowy',5,4),
(93,'czarny','perlowy',5,4),
(94,'szary','perlowy',5,4),
(95,'srebrny','perlowy',5,4),
(96,'granantowy','perlowy',5,4),
(97,'niebieski','perlowy',5,4),
(98,'bialy','perlowy',5,4),
(99,'czerwony','perlowy',5,3),
(100,'czarny','perlowy',5,3),
(101,'szary','perlowy',5,3),
(102,'srebrny','perlowy',5,3),
(103,'granantowy','perlowy',5,3),
(104,'niebieski','perlowy',5,3),
(105,'bialy','perlowy',5,3),
(106,'czerwony','perlowy',7,5),
(107,'czarny','perlowy',7,5),
(108,'szary','perlowy',7,5),
(109,'srebrny','perlowy',7,5),
(110,'granantowy','perlowy',7,5),
(111,'niebieski','perlowy',7,5),
(112,'bialy','perlowy',7,5),
(113,'czerwony','perlowy',7,4),
(114,'czarny','perlowy',7,4),
(115,'szary','perlowy',7,4),
(116,'srebrny','perlowy',7,4),
(117,'granantowy','perlowy',7,4),
(118,'niebieski','perlowy',7,4),
(119,'bialy','perlowy',7,4),
(120,'czerwony','perlowy',7,3),
(121,'czarny','perlowy',7,3),
(122,'szary','perlowy',7,3),
(123,'srebrny','perlowy',7,3),
(124,'granantowy','perlowy',7,3),
(125,'niebieski','perlowy',7,3),
(126,'bialy','perlowy',7,3);
go

insert into Marka
(ID_marki,Nazwa_marki)
values
(1,'Fiat'),
(2,'BMW'),
(3,'Audi'),
(4,'Honda'),
(5,'Hyundai'),
(6,'Mazda'),
(7,'Nissan'),
(8,'Toyota'),
(9,'Volkswagen'),
(10,'KIA');
go

insert into Model
(ID_modelu,Nazwa_modelu,ID_marki)
values
(1,'500',1),
(2,'M6',2),
(3,'X5',2),
(4,'3 Series',2),
(5,'Q3',3),
(6,'A5',3),
(7,'S6',3),
(8,'200',3),
(9,'A4',3),
(10,'S2000',4),
(11,'Accord',4),
(12,'CR-V',4),
(13,'Civic',4),
(14,'Pilot',4),
(15,'Accent',5),
(16,'Elantra',5),
(17,'Azera',5),
(18,'Sonata',5),
(19,'3',6),
(20,'CX 7',6),
(21,'Millenia',6),
(22,'MPV',6),
(23,'Frontier',7),
(24,'Pathfinder',7),
(25,'Altima',7),
(26,'Sentra',7),
(27,'Maxima',7),
(28,'Xterra',7),
(29,'Starlet',8),
(30,'Camry',8),
(31,'Corolla',8),
(32,'Jetta',9),
(33,'Tiguan',9),
(34,'Passat',9),
(35,'Spectra',10),
(36,'Rio',10);
go

insert into Kurs_waluty (Nazwa, Kurs)
values ('EUR', 4.47), ('USD', 3.69), ('RUR', 0.05)
go

insert into Silnik
(VIN, Moc, Pojemnosc, Skrzynia_biegow, Naped)
values
('3C3CFFARXCT120234',69,1242,'Manualna','Przedni'),
('WBSLZ9C56ED651026',560,4395,'Automatyczna','Tylny'),
('5YMGY0C50CLL15518',272,2996,'Automatyczna','4x4'),
('WBA3A5G59ENN66304',150,1995,'Automatyczna','Tylny'),
('WBAKF5C59BE655871',177,1995,'Manualna','Tylny'),
('WA1EFCFS0GR004404',143,1986,'Manualna','Przedni'),
('WAUMFBFR2DA001682',190,2698,'Automatyczna','Przedni'),
('WAUGN94F07N031892',340,4172,'Automatyczna','4x4'),
('WAUGE5440MN013394',165,2200,'Manualna','4x4'),
('WAULT58E53A375444',143,1968,'Automatyczna','Przedni'),
('1HGEM21505L600066',83,1339,'Manualna','Przedni'),
('JHMAP21454T001323',240,1997,'Manualna','Tylny'),
('1HGCR2F81FA108319',190,1997,'Manualna','Przedni'),
('1HGCD5511RA811413',201,2354,'Automatyczna','Przedni'),
('5J6RM3H76CC006560',150,1997,'Automatyczna','4x4'),
('1HGEJ8270YL810669',100,1339,'Manualna','Przedni'),
('2HKYF18423H541086',244,3471,'Automatyczna','4x4'),
('KMHCN41C56U046385',82,1493,'Manualna','Przedni'),
('KMHDH4AE2CU410321',145,1798,'Automatyczna','Przedni'),
('KMHCM45C96U021020',97,1339,'Manualna','Przedni'),
('KMHFC4DD2BA533224',155,2188,'Automatyczna','Przedni'),
('5NPET46L89H493450',164,1998,'Automatyczna','Przedni'),
('5NPEB4AC8EH692292',175,2000,'Automatyczna','Przedni'),
('JM1BL1K61B1212121',105,1598,'Manualna','Przedni'),
('JM3ER4CL7B0408790',173,2184,'Manualna','4x4'),
('JM1TA2210W1140273',140,1995,'Manualna','Przedni'),
('JM3LV5218R0618236',136,1998,'Manualna','Przedni'),
('JM3LV5236V0557609',141,2261,'Manualna','Przedni'),
('JM1BL1N34D1721544',105,1598,'Manualna','Przedni'),
('1N6AD06W96C403807',265,3954,'Automatyczna','4x4'),
('JN8AR05S6TW387695',174,2488,'Automatyczna','4x4'),
('1N4AL3AP0FN404135',175,2491,'Automatyczna','Przedni'),
('3N1CB51S02K217499',140,1999,'Manualna','Przedni'),
('JN1HU11PXHT353092',289,3498,'Automatyczna','Przedni'),
('1N6AD0CW0CN700422',171,2488,'Manualna','4x4'),
('5N1AN08UX7CS23723',265,3954,'Automatyczna','4x4'),
('JTDBU4EE6A9102568',90,1995,'Manualna','Przedni'),
('JT2KP61G0D6626758',75,1300,'Manualna','Przedni'),
('4T1SV24E0MU286180',195,2400,'Automatyczna','Przedni'),
('4T1BF28KXY4093487',152,2362,'Manualna','Przedni'),
('JT2BG22KXW0164520',154,2400,'Automatyczna','Przedni'),
('JT2EJ13E5Y4002243',110,1598,'Manualna','Przedni'),
('2T1BR38E94C836577',97,1398,'Manualna','Przedni'),
('3VWL07AJ0GM256723',125,1395,'Manualna','Przedni'),
('WVGCV95N49W000158',150,1390,'Manualna','Przedni'),
('WVWAD23B4YE230608',150,1781,'Manualna','Przedni'),
('WVWJK73C57E050628',140,1968,'Automatyczna','Przedni'),
('KNAFE12125S515372',116,1700,'Manualna','Przedni'),
('KNADC125556400936',110,1493,'Manualna','Przedni'),
('KNADN4A33E6327190',109,1396,'Manualna','Przedni');
go

insert into Samochod
(ID_kraju,ID_nadwozia,ID_modelu,VIN,Rok_produkcji,Typ,Rodzaj_paliwa,Przebieg,Cena_auta)
values
(6,6,1,'3C3CFFARXCT120234',2012,'Sedan','Benzyna',109840,21500),
(2,2,2,'WBSLZ9C56ED651026',2014,'Sedan','Diesel',130634,84000),
(6,2,3,'5YMGY0C50CLL15518',2012,'SUV','Diesel',189638,64000),
(1,6,4,'WBA3A5G59ENN66304',2014,'Sedan','Benzyna',184144,60000),
(6,6,4,'WBAKF5C59BE655871',2011,'Kombi','Diesel',210541,38000),
(3,7,5,'WA1EFCFS0GR004404',2016,'SUV','Diesel',135474,68000),
(6,7,6,'WAUMFBFR2DA001682',2013,'Kombi','Diesel',215866,29000),
(3,7,7,'WAUGN94F07N031892',2007,'Sedan','Benzyna',154166,28500),
(4,4,8,'WAUGE5440MN013394',1991,'Sedan','Benzyna',186422,16000),
(2,7,9,'WAULT58E53A375444',2003,'Kombi','Diesel',152345,19000),
(2,21,13,'1HGEM21505L600066',2005,'Kompakt','Benzyna',143788,21000),
(5,20,10,'JHMAP21454T001323',2004,'Kabriolet','Benzyna',123453,34500),
(6,3,11,'1HGCR2F81FA108319',2015,'Sedan','Diesel',178676,45498),
(1,4,11,'1HGCD5511RA811413',1994,'Kombi','Benzyna',186786,34317),
(1,2,12,'5J6RM3H76CC006560',2012,'SUV','Diesel',263788,38121),
(5,59,13,'1HGEJ8270YL810669',2000,'Kompakt','Benzyna',214586,27121),
(2,1,14,'2HKYF18423H541086',2003,'SUV','Diesel',178655,26940),
(3,4,15,'KMHCN41C56U046385',2006,'Sedan','Diesel',99567,44918),
(3,7,16,'KMHDH4AE2CU410321',2012,'Kombi','Benzyna',29785,34441),
(4,6,15,'KMHCM45C96U021020',2006,'Sedan','Benzyna',178688,39917),
(1,62,17,'KMHFC4DD2BA533224',2011,'Coupe','Diesel',137866,48887),
(2,6,18,'5NPET46L89H493450',2009,'Sedan','Diesel',245725,40473),
(6,105,18,'5NPEB4AC8EH692292',2014,'Coupe','Benzyna',80545,35514),
(2,105,19,'JM1BL1K61B1212121',2011,'Kompakt','Benzyna',152785,41263),
(1,4,20,'JM3ER4CL7B0408790',2011,'SUV','Diesel',321000,48973),
(2,4,21,'JM1TA2210W1140273',1998,'Sedan','Diesel',354212,22722),
(6,31,22,'JM3LV5218R0618236',1994,'Minivan','Diesel',217452,43439),
(3,33,22,'JM3LV5236V0557609',1997,'Minivan','Benzyna',213475,21519),
(3,61,19,'JM1BL1N34D1721544',2013,'Kompakt','Diesel',128566,40302),
(4,2,23,'1N6AD06W96C403807',2006,'SUV','Benzyna',215664,28180),
(3,4,24,'JN8AR05S6TW387695',1996,'SUV','Diesel',197756,31978),
(6,5,25,'1N4AL3AP0FN404135',2015,'Sedan','Benzyna',167856,39612),
(3,2,26,'3N1CB51S02K217499',2002,'Sedan','Diesel',145578,35919),
(1,6,27,'JN1HU11PXHT353092',1987,'Sedan','Benzyna',367525,20052),
(3,1,23,'1N6AD0CW0CN700422',2012,'SUV','Diesel',156786,49519),
(1,4,28,'5N1AN08UX7CS23723',2007,'SUV','Benzyna',254144,24670),
(4,2,31,'JTDBU4EE6A9102568',2010,'Sedan','Benzyna',252400,43177),
(2,1,29,'JT2KP61G0D6626758',1983,'Kombi','Hybryda',315687,38426),
(6,1,30,'4T1SV24E0MU286180',1991,'Sedan','Benzyna',384753,20893),
(5,3,30,'4T1BF28KXY4093487',2000,'Sedan','Benzyna',254200,26343),
(6,5,30,'JT2BG22KXW0164520',1998,'Sedan','Benzyna',207766,41676),
(5,5,31,'JT2EJ13E5Y4002243',2000,'Sedan','Diesel',197869,31699),
(5,7,31,'2T1BR38E94C836577',2004,'Sedan','Diesel',184532,49129),
(2,6,32,'3VWL07AJ0GM256723',2016,'Kombi','Diesel',67856,43151),
(3,2,33,'WVGCV95N49W000158',2009,'SUV','Benzyna',116785,27754),
(4,1,34,'WVWAD23B4YE230608',2000,'Kombi','Diesel',157866,22555),
(1,5,34,'WVWJK73C57E050628',2007,'Kombi','Diesel',147866,25253),
(1,1,35,'KNAFE12125S515372',2005,'SUV','Diesel',185676,33084),
(3,2,36,'KNADC125556400936',2005,'Sedan','Benzyna',215677,21909),
(6,1,36,'KNADN4A33E6327190',2014,'Sedan','Diesel',99664,20581);
go
